{"version":null,"displayName":"Ivanti Service Manager","type":"ivanti-heat-ua","logo":"ivanti-heat-ua-logo.png","logoSmall":"ivanti-heat-ua-icon.png","metadata":[{"name":"business object","dependent":false,"dependentMetadata":null,"values":[{"id":"incidents","name":"Incident","attributeName":null,"referenceType":null,"dependents":null,"attributes":null,"regex":false},{"id":"changes","name":"Change","attributeName":null,"referenceType":null,"dependents":null,"attributes":null,"regex":false},{"id":"problems","name":"Problem","attributeName":null,"referenceType":null,"dependents":null,"attributes":null,"regex":false},{"id":"servicereqs","name":"Servicereq","attributeName":null,"referenceType":null,"dependents":null,"attributes":null,"regex":false}],"apiConfig":null}],"fields":[{"id":"Owner","name":"Owner","datatype":"String","values":null},{"id":"SLA","name":"SLA","datatype":"String","values":null},{"id":"IsReportedByAlternateContact","name":"IsReportedByAlternateContact","datatype":"Boolean","values":null},{"id":"AlternateContactPhone","name":"AlternateContactPhone","datatype":"String","values":null},{"id":"ApprovalStatus","name":"ApprovalStatus","datatype":"String","values":null},{"id":"AddChatconversationtoActivityHistory","name":"AddChatconversationtoActivityHistory","datatype":"Boolean","values":null},{"id":"OwnerType","name":"OwnerType","datatype":"String","values":null},{"id":"IsInFinalState","name":"IsInFinalState","datatype":"String","values":null},{"id":"IsReclassifiedForResolution","name":"IsReclassifiedForResolution","datatype":"String","values":null},{"id":"RecomService","name":"RecomService","datatype":"String","values":null},{"id":"ResolvedByType","name":"ResolvedByType","datatype":"String","values":null},{"id":"TypeOfChange","name":"TypeOfChange","datatype":"String","values":[{"id":"Emergency","name":"Emergency","attributeName":null,"referenceType":null,"dependents":null,"attributes":null,"regex":false},{"id":"Major","name":"Major","attributeName":null,"referenceType":null,"dependents":null,"attributes":null,"regex":false},{"id":"Minor","name":"Minor","attributeName":null,"referenceType":null,"dependents":null,"attributes":null,"regex":false},{"id":"Significant","name":"Significant","attributeName":null,"referenceType":null,"dependents":null,"attributes":null,"regex":false},{"id":"Standard","name":"Standard","attributeName":null,"referenceType":null,"dependents":null,"attributes":null,"regex":false}]},{"id":"id","name":"id","datatype":"String","values":null},{"id":"Workaround","name":"Workaround","datatype":"String","values":null},{"id":"ServiceReqNumber","name":"ServiceReqNumber","datatype":"Number","values":null},{"id":"Status","name":"Status","datatype":"String","values":[{"id":"Logged","name":"Logged","attributeName":null,"referenceType":null,"dependents":null,"attributes":null,"regex":false},{"id":"Active","name":"Active","attributeName":null,"referenceType":null,"dependents":null,"attributes":null,"regex":false},{"id":"Waiting for Customer","name":"Waiting for Customer","attributeName":null,"referenceType":null,"dependents":null,"attributes":null,"regex":false},{"id":"Waiting for 3rd Party","name":"Waiting for 3rd Party","attributeName":null,"referenceType":null,"dependents":null,"attributes":null,"regex":false},{"id":"Waiting for Resolution","name":"Waiting for Resolution","attributeName":null,"referenceType":null,"dependents":null,"attributes":null,"regex":false},{"id":"Resolved ","name":"Resolved ","attributeName":null,"referenceType":null,"dependents":null,"attributes":null,"regex":false},{"id":"Closed","name":"Closed","attributeName":null,"referenceType":null,"dependents":null,"attributes":null,"regex":false},{"id":"Cancelled","name":"Cancelled","attributeName":null,"referenceType":null,"dependents":null,"attributes":null,"regex":false},{"id":"Draft","name":"Draft","attributeName":null,"referenceType":null,"dependents":null,"attributes":null,"regex":false},{"id":"Submitted","name":"Submitted","attributeName":null,"referenceType":null,"dependents":null,"attributes":null,"regex":false},{"id":"Approved","name":"Approved","attributeName":null,"referenceType":null,"dependents":null,"attributes":null,"regex":false},{"id":"In Procurement","name":"In Procurement","attributeName":null,"referenceType":null,"dependents":null,"attributes":null,"regex":false},{"id":"Approval Rejected","name":"Approval Rejected","attributeName":null,"referenceType":null,"dependents":null,"attributes":null,"regex":false},{"id":"Fulfilled","name":"Fulfilled","attributeName":null,"referenceType":null,"dependents":null,"attributes":null,"regex":false},{"id":"Error","name":"Error","attributeName":null,"referenceType":null,"dependents":null,"attributes":null,"regex":false},{"id":"Investigation","name":"Investigation","attributeName":null,"referenceType":null,"dependents":null,"attributes":null,"regex":false},{"id":"identified","name":"identified","attributeName":null,"referenceType":null,"dependents":null,"attributes":null,"regex":false},{"id":"Pending Approval","name":"Pending Approval","attributeName":null,"referenceType":null,"dependents":null,"attributes":null,"regex":false},{"id":"Requested","name":"Requested","attributeName":null,"referenceType":null,"dependents":null,"attributes":null,"regex":false},{"id":"Denied","name":"Denied","attributeName":null,"referenceType":null,"dependents":null,"attributes":null,"regex":false}]},{"id":"NewNotes","name":"NewNotes","datatype":"String","values":null},{"id":"SLALink_Category","name":"SLALink_Category","datatype":"String","values":null},{"id":"CreatedBy","name":"CreatedBy","datatype":"String","values":null},{"id":"ResolvedByIncidentNumber","name":"ResolvedByIncidentNumber","datatype":"String","values":null},{"id":"AlternateContactLink","name":"AlternateContactLink","datatype":"String","values":null},{"id":"IsNotification","name":"IsNotification","datatype":"Boolean","values":null},{"id":"IsRunTicketClassification","name":"IsRunTicketClassification","datatype":"Boolean","values":null},{"id":"IncidentDetailSummary","name":"IncidentDetailSummary","datatype":"String","values":null},{"id":"RecomCategory","name":"RecomCategory","datatype":"String","values":null},{"id":"AlternateContactLink_RecID","name":"AlternateContactLink_RecID","datatype":"String","values":null},{"id":"Description","name":"Description","datatype":"String","values":null},{"id":"ivnt_TeamsUserDetailsLink_RecID","name":"ivnt_TeamsUserDetailsLink_RecID","datatype":"String","values":null},{"id":"IsVIP","name":"IsVIP","datatype":"Boolean","values":null},{"id":"RecommendedSubCategory","name":"RecommendedSubCategory","datatype":"String","values":null},{"id":"VirimaAssetID","name":"VirimaAssetID","datatype":"String","values":null},{"id":"ProfileLink_RecID","name":"ProfileLink_RecID","datatype":"String","values":null},{"id":"OrgUnitLink_RecID","name":"OrgUnitLink_RecID","datatype":"String","values":null},{"id":"ResolvedDateTime","name":"ResolvedDateTime","datatype":"Datetime","values":null},{"id":"CostPerMinute","name":"CostPerMinute","datatype":"String","values":null},{"id":"IsMasterIncident","name":"IsMasterIncident","datatype":"Boolean","values":null},{"id":"IncidentNumber","name":"IncidentNumber","datatype":"Number","values":null},{"id":"ivnt_UpdateRFI","name":"ivnt_UpdateRFI","datatype":"String","values":null},{"id":"IsDSMTaskExisted","name":"IsDSMTaskExisted","datatype":"Boolean","values":null},{"id":"IsUnRead","name":"IsUnRead","datatype":"Boolean","values":null},{"id":"ActualCategory","name":"ActualCategory","datatype":"String","values":null},{"id":"Symptom","name":"Symptom","datatype":"String","values":null},{"id":"TypeOfIncident","name":"TypeOfIncident","datatype":"String","values":null},{"id":"ReportedBy","name":"ReportedBy","datatype":"String","values":null},{"id":"OwnerEmail","name":"OwnerEmail","datatype":"String","values":null},{"id":"ServiceReqLink_RecID","name":"ServiceReqLink_RecID","datatype":"String","values":null},{"id":"ResolutionEscLink_RecID","name":"ResolutionEscLink_RecID","datatype":"String","values":null},{"id":"SLADisplayText","name":"SLADisplayText","datatype":"String","values":null},{"id":"ResponseEscLink_Category","name":"ResponseEscLink_Category","datatype":"String","values":null},{"id":"ResolutionEscLink_Category","name":"ResolutionEscLink_Category","datatype":"String","values":null},{"id":"EventCIRecId","name":"EventCIRecId","datatype":"String","values":null},{"id":"IsNewRecord","name":"IsNewRecord","datatype":"Boolean","values":null},{"id":"TotalTimeSpent","name":"TotalTimeSpent","datatype":"String","values":null},{"id":"RecomSubCategory","name":"RecomSubCategory","datatype":"String","values":null},{"id":"OwningOrgUnitId","name":"OwningOrgUnitId","datatype":"String","values":null},{"id":"ErrorMessage","name":"ErrorMessage","datatype":"String","values":null},{"id":"RiskLevel","name":"RiskLevel","datatype":"String","values":[{"id":"High","name":"High","attributeName":null,"referenceType":null,"dependents":null,"attributes":null,"regex":false},{"id":"Medium","name":"Medium","attributeName":null,"referenceType":null,"dependents":null,"attributes":null,"regex":false},{"id":"Low","name":"Low","attributeName":null,"referenceType":null,"dependents":null,"attributes":null,"regex":false}]},{"id":"EntityLink_RecID","name":"EntityLink_RecID","datatype":"String","values":null},{"id":"ProfileFullName","name":"ProfileFullName","datatype":"String","values":null},{"id":"RecommendedCategory","name":"RecommendedCategory","datatype":"String","values":null},{"id":"Email","name":"Email","datatype":"String","values":null},{"id":"CostPerMinute_Currency","name":"CostPerMinute_Currency","datatype":"String","values":null},{"id":"ivnt_TeamsUserDetailsLink_Category","name":"ivnt_TeamsUserDetailsLink_Category","datatype":"String","values":null},{"id":"ResolutionAction","name":"ResolutionAction","datatype":"String","values":[{"id":"None","name":"None","attributeName":null,"referenceType":null,"dependents":null,"attributes":null,"regex":false},{"id":"Request for Change","name":"Request for Change","attributeName":null,"referenceType":null,"dependents":null,"attributes":null,"regex":false},{"id":"Training","name":"Training","attributeName":null,"referenceType":null,"dependents":null,"attributes":null,"regex":false},{"id":"Vendor Fix","name":"Vendor Fix","attributeName":null,"referenceType":null,"dependents":null,"attributes":null,"regex":false}]},{"id":"LastModBy","name":"LastModBy","datatype":"String","values":null},{"id":"ScheduledStartDate","name":"ScheduledStartDate","datatype":"Datetime","values":null},{"id":"ProblemLink_RecID","name":"ProblemLink_RecID","datatype":"String","values":null},{"id":"Approver","name":"Approver","datatype":"String","values":null},{"id":"ResolutionEscLink","name":"ResolutionEscLink","datatype":"String","values":null},{"id":"ClosingEscLink_RecID","name":"ClosingEscLink_RecID","datatype":"String","values":null},{"id":"IsResolvedByMaster","name":"IsResolvedByMaster","datatype":"Boolean","values":null},{"id":"Impact","name":"Impact","datatype":"String","values":[{"id":"High ","name":"High ","attributeName":null,"referenceType":null,"dependents":null,"attributes":null,"regex":false},{"id":"Medium ","name":"Medium ","attributeName":null,"referenceType":null,"dependents":null,"attributes":null,"regex":false},{"id":"Low","name":"Low","attributeName":null,"referenceType":null,"dependents":null,"attributes":null,"regex":false}]},{"id":"ReadOnly","name":"ReadOnly","datatype":"Boolean","values":null},{"id":"ClosingEscLink","name":"ClosingEscLink","datatype":"String","values":null},{"id":"Cost_Currency","name":"Cost_Currency","datatype":"String","values":null},{"id":"AlternateContactLink_Category","name":"AlternateContactLink_Category","datatype":"String","values":null},{"id":"WaitingEscLink","name":"WaitingEscLink","datatype":"String","values":null},{"id":"ClosedDuration","name":"ClosedDuration","datatype":"String","values":null},{"id":"KnowledgeLink_RecID","name":"KnowledgeLink_RecID","datatype":"String","values":null},{"id":"CustomerLocation","name":"CustomerLocation","datatype":"String","values":null},{"id":"helpdesk_Priority","name":"helpdesk_Priority","datatype":"String","values":null},{"id":"SendSurveyNotification","name":"SendSurveyNotification","datatype":"Boolean","values":null},{"id":"ResponseEscLink_RecID","name":"ResponseEscLink_RecID","datatype":"String","values":null},{"id":"PreviousState","name":"PreviousState","datatype":"String","values":null},{"id":"OwnershipAssignmentEmail","name":"OwnershipAssignmentEmail","datatype":"String","values":null},{"id":"HRCaseLink_RecID","name":"HRCaseLink_RecID","datatype":"String","values":null},{"id":"CreatedByType","name":"CreatedByType","datatype":"String","values":null},{"id":"CABVoteExpirationDateTime","name":"CABVoteExpirationDateTime","datatype":"Datetime","values":null},{"id":"ActualService","name":"ActualService","datatype":"String","values":null},{"id":"CauseCode","name":"CauseCode","datatype":"String","values":[{"id":"Configuration","name":"Configuration","attributeName":null,"referenceType":null,"dependents":null,"attributes":null,"regex":false},{"id":"Documentation Request","name":"Documentation Request","attributeName":null,"referenceType":null,"dependents":null,"attributes":null,"regex":false},{"id":"Hardware","name":"Hardware","attributeName":null,"referenceType":null,"dependents":null,"attributes":null,"regex":false},{"id":"Install Request","name":"Install Request","attributeName":null,"referenceType":null,"dependents":null,"attributes":null,"regex":false},{"id":"Installation","name":"Installation","attributeName":null,"referenceType":null,"dependents":null,"attributes":null,"regex":false},{"id":"Linked Problem","name":"Linked Problem","attributeName":null,"referenceType":null,"dependents":null,"attributes":null,"regex":false},{"id":"Other","name":"Other","attributeName":null,"referenceType":null,"dependents":null,"attributes":null,"regex":false},{"id":"Reference Request","name":"Reference Request","attributeName":null,"referenceType":null,"dependents":null,"attributes":null,"regex":false},{"id":"Session Reset","name":"Session Reset","attributeName":null,"referenceType":null,"dependents":null,"attributes":null,"regex":false},{"id":"Software","name":"Software","attributeName":null,"referenceType":null,"dependents":null,"attributes":null,"regex":false},{"id":"Training","name":"Training","attributeName":null,"referenceType":null,"dependents":null,"attributes":null,"regex":false}]},{"id":"RootCause","name":"RootCause","datatype":"String","values":null},{"id":"Environment","name":"Environment","datatype":"String","values":[{"id":"Development","name":"Development","attributeName":null,"referenceType":null,"dependents":null,"attributes":null,"regex":false},{"id":"Production","name":"Production","attributeName":null,"referenceType":null,"dependents":null,"attributes":null,"regex":false},{"id":"Staging","name":"Staging","attributeName":null,"referenceType":null,"dependents":null,"attributes":null,"regex":false},{"id":"Testing/QA","name":"Testing/QA","attributeName":null,"referenceType":null,"dependents":null,"attributes":null,"regex":false},{"id":"UAT","name":"UAT","attributeName":null,"referenceType":null,"dependents":null,"attributes":null,"regex":false}]},{"id":"IsRelatedIncidentUpdate","name":"IsRelatedIncidentUpdate","datatype":"Boolean","values":null},{"id":"RequestedBy","name":"RequestedBy","datatype":"String","values":null},{"id":"LastModDateTime","name":"LastModDateTime","datatype":"Datetime","values":null},{"id":"CreatedDateTime","name":"CreatedDateTime","datatype":"Datetime","values":null},{"id":"ViewType","name":"ViewType","datatype":"String","values":null},{"id":"Resolution","name":"Resolution","datatype":"String","values":null},{"id":"WaitingEscLink_Category","name":"WaitingEscLink_Category","datatype":"String","values":null},{"id":"WaitingEscLink_RecID","name":"WaitingEscLink_RecID","datatype":"String","values":null},{"id":"Category","name":"Category","datatype":"String","values":[{"id":"Account Lockout","name":"Account Lockout","attributeName":null,"referenceType":null,"dependents":null,"attributes":null,"regex":false},{"id":"Access Control Fault","name":"Access Control Fault","attributeName":null,"referenceType":null,"dependents":null,"attributes":null,"regex":false},{"id":"Accessibility","name":"Accessibility","attributeName":null,"referenceType":null,"dependents":null,"attributes":null,"regex":false},{"id":"Accident Report","name":"Accident Report","attributeName":null,"referenceType":null,"dependents":null,"attributes":null,"regex":false},{"id":"Applications","name":"Applications","attributeName":null,"referenceType":null,"dependents":null,"attributes":null,"regex":false},{"id":"Application Error","name":"Application Error","attributeName":null,"referenceType":null,"dependents":null,"attributes":null,"regex":false},{"id":"Application Failure","name":"Application Failure","attributeName":null,"referenceType":null,"dependents":null,"attributes":null,"regex":false},{"id":"Application Security","name":"Application Security","attributeName":null,"referenceType":null,"dependents":null,"attributes":null,"regex":false},{"id":"Backup","name":"Backup","attributeName":null,"referenceType":null,"dependents":null,"attributes":null,"regex":false},{"id":"Benefits Management","name":"Benefits Management","attributeName":null,"referenceType":null,"dependents":null,"attributes":null,"regex":false},{"id":"Boot Failure","name":"Boot Failure","attributeName":null,"referenceType":null,"dependents":null,"attributes":null,"regex":false},{"id":"Cable Failure","name":"Cable Failure","attributeName":null,"referenceType":null,"dependents":null,"attributes":null,"regex":false},{"id":"Capacity","name":"Capacity","attributeName":null,"referenceType":null,"dependents":null,"attributes":null,"regex":false},{"id":"Client Failure","name":"Client Failure","attributeName":null,"referenceType":null,"dependents":null,"attributes":null,"regex":false},{"id":"Computer Provisioning","name":"Computer Provisioning","attributeName":null,"referenceType":null,"dependents":null,"attributes":null,"regex":false},{"id":"Connection Failure","name":"Connection Failure","attributeName":null,"referenceType":null,"dependents":null,"attributes":null,"regex":false},{"id":"Connectivity","name":"Connectivity","attributeName":null,"referenceType":null,"dependents":null,"attributes":null,"regex":false},{"id":"Corrupt Mailbox","name":"Corrupt Mailbox","attributeName":null,"referenceType":null,"dependents":null,"attributes":null,"regex":false},{"id":"Data Corruption","name":"Data Corruption","attributeName":null,"referenceType":null,"dependents":null,"attributes":null,"regex":false},{"id":"Data Loss","name":"Data Loss","attributeName":null,"referenceType":null,"dependents":null,"attributes":null,"regex":false},{"id":"Data Breach","name":"Data Breach","attributeName":null,"referenceType":null,"dependents":null,"attributes":null,"regex":false},{"id":"Demo Category","name":"Demo Category","attributeName":null,"referenceType":null,"dependents":null,"attributes":null,"regex":false},{"id":"Desktop Hardware","name":"Desktop Hardware","attributeName":null,"referenceType":null,"dependents":null,"attributes":null,"regex":false},{"id":"Desktop Software","name":"Desktop Software","attributeName":null,"referenceType":null,"dependents":null,"attributes":null,"regex":false},{"id":"Device Failure","name":"Device Failure","attributeName":null,"referenceType":null,"dependents":null,"attributes":null,"regex":false},{"id":"Delivery Failure","name":"Delivery Failure","attributeName":null,"referenceType":null,"dependents":null,"attributes":null,"regex":false},{"id":"Documentation","name":"Documentation","attributeName":null,"referenceType":null,"dependents":null,"attributes":null,"regex":false},{"id":"End of Life Software","name":"End of Life Software","attributeName":null,"referenceType":null,"dependents":null,"attributes":null,"regex":false},{"id":"Error Message","name":"Error Message","attributeName":null,"referenceType":null,"dependents":null,"attributes":null,"regex":false},{"id":"Enterprise Application Service","name":"Enterprise Application Service","attributeName":null,"referenceType":null,"dependents":null,"attributes":null,"regex":false},{"id":"Facility Maintenance","name":"Facility Maintenance","attributeName":null,"referenceType":null,"dependents":null,"attributes":null,"regex":false},{"id":"Facility Safety","name":"Facility Safety","attributeName":null,"referenceType":null,"dependents":null,"attributes":null,"regex":false},{"id":"Functionality","name":"Functionality","attributeName":null,"referenceType":null,"dependents":null,"attributes":null,"regex":false},{"id":"Hard Drive Failure","name":"Hard Drive Failure","attributeName":null,"referenceType":null,"dependents":null,"attributes":null,"regex":false},{"id":"Hardware","name":"Hardware","attributeName":null,"referenceType":null,"dependents":null,"attributes":null,"regex":false},{"id":"How-To","name":"How-To","attributeName":null,"referenceType":null,"dependents":null,"attributes":null,"regex":false},{"id":"Incorrect Address Book","name":"Incorrect Address Book","attributeName":null,"referenceType":null,"dependents":null,"attributes":null,"regex":false},{"id":"Internet Failure","name":"Internet Failure","attributeName":null,"referenceType":null,"dependents":null,"attributes":null,"regex":false},{"id":"International Dialing Failure","name":"International Dialing Failure","attributeName":null,"referenceType":null,"dependents":null,"attributes":null,"regex":false},{"id":"Lost Training Material","name":"Lost Training Material","attributeName":null,"referenceType":null,"dependents":null,"attributes":null,"regex":false},{"id":"Lost/Stolen Equipment","name":"Lost/Stolen Equipment","attributeName":null,"referenceType":null,"dependents":null,"attributes":null,"regex":false},{"id":"Lost/Stolen Phone","name":"Lost/Stolen Phone","attributeName":null,"referenceType":null,"dependents":null,"attributes":null,"regex":false},{"id":"Malware","name":"Malware","attributeName":null,"referenceType":null,"dependents":null,"attributes":null,"regex":false},{"id":"Missing Item","name":"Missing Item","attributeName":null,"referenceType":null,"dependents":null,"attributes":null,"regex":false},{"id":"Misconduct","name":"Misconduct","attributeName":null,"referenceType":null,"dependents":null,"attributes":null,"regex":false},{"id":"Network Folder Failure","name":"Network Folder Failure","attributeName":null,"referenceType":null,"dependents":null,"attributes":null,"regex":false},{"id":"No Dial Tone","name":"No Dial Tone","attributeName":null,"referenceType":null,"dependents":null,"attributes":null,"regex":false},{"id":"Non-Delivery","name":"Non-Delivery","attributeName":null,"referenceType":null,"dependents":null,"attributes":null,"regex":false},{"id":"Out of Disk Space","name":"Out of Disk Space","attributeName":null,"referenceType":null,"dependents":null,"attributes":null,"regex":false},{"id":"Other","name":"Other","attributeName":null,"referenceType":null,"dependents":null,"attributes":null,"regex":false},{"id":"Performance","name":"Performance","attributeName":null,"referenceType":null,"dependents":null,"attributes":null,"regex":false},{"id":"Performance Issue","name":"Performance Issue","attributeName":null,"referenceType":null,"dependents":null,"attributes":null,"regex":false},{"id":"Phishing","name":"Phishing","attributeName":null,"referenceType":null,"dependents":null,"attributes":null,"regex":false},{"id":"Power Failure","name":"Power Failure","attributeName":null,"referenceType":null,"dependents":null,"attributes":null,"regex":false},{"id":"Policy Violation","name":"Policy Violation","attributeName":null,"referenceType":null,"dependents":null,"attributes":null,"regex":false},{"id":"Printer Failure","name":"Printer Failure","attributeName":null,"referenceType":null,"dependents":null,"attributes":null,"regex":false},{"id":"Software Failure","name":"Software Failure","attributeName":null,"referenceType":null,"dependents":null,"attributes":null,"regex":false},{"id":"Software Installation","name":"Software Installation","attributeName":null,"referenceType":null,"dependents":null,"attributes":null,"regex":false},{"id":"Software Request","name":"Software Request","attributeName":null,"referenceType":null,"dependents":null,"attributes":null,"regex":false},{"id":"Telephone Failure","name":"Telephone Failure","attributeName":null,"referenceType":null,"dependents":null,"attributes":null,"regex":false},{"id":"Temperature","name":"Temperature","attributeName":null,"referenceType":null,"dependents":null,"attributes":null,"regex":false},{"id":"Training Complaint","name":"Training Complaint","attributeName":null,"referenceType":null,"dependents":null,"attributes":null,"regex":false},{"id":"Unauthorized access","name":"Unauthorized access","attributeName":null,"referenceType":null,"dependents":null,"attributes":null,"regex":false},{"id":"Web Site Defacement","name":"Web Site Defacement","attributeName":null,"referenceType":null,"dependents":null,"attributes":null,"regex":false},{"id":"Voicemail Issue","name":"Voicemail Issue","attributeName":null,"referenceType":null,"dependents":null,"attributes":null,"regex":false},{"id":"Virus/Trojan","name":"Virus/Trojan","attributeName":null,"referenceType":null,"dependents":null,"attributes":null,"regex":false},{"id":"Warning","name":"Warning","attributeName":null,"referenceType":null,"dependents":null,"attributes":null,"regex":false},{"id":"Wrong Bonus","name":"Wrong Bonus","attributeName":null,"referenceType":null,"dependents":null,"attributes":null,"regex":false},{"id":"Wrong Pay","name":"Wrong Pay","attributeName":null,"referenceType":null,"dependents":null,"attributes":null,"regex":false},{"id":"Wrong Tax Code","name":"Wrong Tax Code","attributeName":null,"referenceType":null,"dependents":null,"attributes":null,"regex":false},{"id":"Computer","name":"Computer","attributeName":null,"referenceType":null,"dependents":null,"attributes":null,"regex":false},{"id":"Software","name":"Software","attributeName":null,"referenceType":null,"dependents":null,"attributes":null,"regex":false},{"id":"Network Device","name":"Network Device","attributeName":null,"referenceType":null,"dependents":null,"attributes":null,"regex":false},{"id":"Storage","name":"Storage","attributeName":null,"referenceType":null,"dependents":null,"attributes":null,"regex":false},{"id":"Power Device","name":"Power Device","attributeName":null,"referenceType":null,"dependents":null,"attributes":null,"regex":false},{"id":"Document","name":"Document","attributeName":null,"referenceType":null,"dependents":null,"attributes":null,"regex":false},{"id":"Telecom","name":"Telecom","attributeName":null,"referenceType":null,"dependents":null,"attributes":null,"regex":false},{"id":"Logical ","name":"Logical ","attributeName":null,"referenceType":null,"dependents":null,"attributes":null,"regex":false},{"id":"Administration","name":"Administration","attributeName":null,"referenceType":null,"dependents":null,"attributes":null,"regex":false},{"id":"Service Desk","name":"Service Desk","attributeName":null,"referenceType":null,"dependents":null,"attributes":null,"regex":false}]},{"id":"IsWorkAround","name":"IsWorkAround","datatype":"Boolean","values":null},{"id":"ProblemLink_Category","name":"ProblemLink_Category","datatype":"String","values":null},{"id":"TeamManagerEmail","name":"TeamManagerEmail","datatype":"String","values":null},{"id":"ClosedDateTime","name":"ClosedDateTime","datatype":"Datetime","values":null},{"id":"IsRelatedIncidentResolutionUpdate","name":"IsRelatedIncidentResolutionUpdate","datatype":"Boolean","values":null},{"id":"OwnerTeamEmail","name":"OwnerTeamEmail","datatype":"String","values":null},{"id":"IsApprovalNeeded","name":"IsApprovalNeeded","datatype":"String","values":null},{"id":"SocialTextHeader","name":"SocialTextHeader","datatype":"String","values":null},{"id":"MasterIncidentLink_RecID","name":"MasterIncidentLink_RecID","datatype":"String","values":null},{"id":"CABReviewDate","name":"CABReviewDate","datatype":"Datetime","values":null},{"id":"ServiceOwnerEmail","name":"ServiceOwnerEmail","datatype":"String","values":null},{"id":"Cost","name":"Cost","datatype":"String","values":null},{"id":"Attachments","name":"Attachments","datatype":"String","values":null},{"id":"Source","name":"Source","datatype":"String","values":[{"id":"AutoTicket","name":"AutoTicket","attributeName":null,"referenceType":null,"dependents":null,"attributes":null,"regex":false},{"id":"Change Request","name":"Change Request","attributeName":null,"referenceType":null,"dependents":null,"attributes":null,"regex":false},{"id":"Chat","name":"Chat","attributeName":null,"referenceType":null,"dependents":null,"attributes":null,"regex":false},{"id":"Email","name":"Email","attributeName":null,"referenceType":null,"dependents":null,"attributes":null,"regex":false},{"id":"Fax","name":"Fax","attributeName":null,"referenceType":null,"dependents":null,"attributes":null,"regex":false},{"id":"FrontRange Voice","name":"FrontRange Voice","attributeName":null,"referenceType":null,"dependents":null,"attributes":null,"regex":false},{"id":"Instant Message","name":"Instant Message","attributeName":null,"referenceType":null,"dependents":null,"attributes":null,"regex":false},{"id":"Microsoft Teams","name":"Microsoft Teams","attributeName":null,"referenceType":null,"dependents":null,"attributes":null,"regex":false},{"id":"Network Monitor","name":"Network Monitor","attributeName":null,"referenceType":null,"dependents":null,"attributes":null,"regex":false},{"id":"Phone","name":"Phone","attributeName":null,"referenceType":null,"dependents":null,"attributes":null,"regex":false},{"id":"Self Service","name":"Self Service","attributeName":null,"referenceType":null,"dependents":null,"attributes":null,"regex":false},{"id":"Voice Mail","name":"Voice Mail","attributeName":null,"referenceType":null,"dependents":null,"attributes":null,"regex":false},{"id":"Walk-in","name":"Walk-in","attributeName":null,"referenceType":null,"dependents":null,"attributes":null,"regex":false},{"id":"AIMR-Auto Incident Match","name":"AIMR-Auto Incident Match","attributeName":null,"referenceType":null,"dependents":null,"attributes":null,"regex":false},{"id":"Contractor","name":"Contractor","attributeName":null,"referenceType":null,"dependents":null,"attributes":null,"regex":false},{"id":"Event Management","name":"Event Management","attributeName":null,"referenceType":null,"dependents":null,"attributes":null,"regex":false},{"id":"Incident Management","name":"Incident Management","attributeName":null,"referenceType":null,"dependents":null,"attributes":null,"regex":false},{"id":"Proactive Problem Mgmt","name":"Proactive Problem Mgmt","attributeName":null,"referenceType":null,"dependents":null,"attributes":null,"regex":false},{"id":"Service Desk","name":"Service Desk","attributeName":null,"referenceType":null,"dependents":null,"attributes":null,"regex":false},{"id":"Supplier","name":"Supplier","attributeName":null,"referenceType":null,"dependents":null,"attributes":null,"regex":false}]},{"id":"IncidentDetailWorkflowTag","name":"IncidentDetailWorkflowTag","datatype":"String","values":null},{"id":"FirstCallResolution","name":"FirstCallResolution","datatype":"Boolean","values":null},{"id":"ivnt_RequestforInformationorData","name":"ivnt_RequestforInformationorData","datatype":"Boolean","values":null},{"id":"Accuracy","name":"Accuracy","datatype":"String","values":null},{"id":"ProgressBarPosition","name":"ProgressBarPosition","datatype":"String","values":null},{"id":"Phone","name":"Phone","datatype":"String","values":null},{"id":"RequestorLink_RecID","name":"RequestorLink_RecID","datatype":"String","values":null},{"id":"SLALink_RecID","name":"SLALink_RecID","datatype":"String","values":null},{"id":"AlternateContactEmail","name":"AlternateContactEmail","datatype":"String","values":null},{"id":"OrganizationUnitID","name":"OrganizationUnitID","datatype":"String","values":null},{"id":"ReportingOrgUnitID","name":"ReportingOrgUnitID","datatype":"String","values":null},{"id":"ResponseEscLink","name":"ResponseEscLink","datatype":"String","values":null},{"id":"IncidentNetworkUserName","name":"IncidentNetworkUserName","datatype":"String","values":null},{"id":"LoginId","name":"LoginId","datatype":"String","values":null},{"id":"HRCaseLink_Category","name":"HRCaseLink_Category","datatype":"String","values":null},{"id":"Comments","name":"Comments","datatype":"PlainText","values":null},{"id":"Service","name":"Service","datatype":"String","values":[{"id":"Application Development Service","name":"Application Development Service","attributeName":null,"referenceType":null,"dependents":null,"attributes":null,"regex":false},{"id":"Benefits Management","name":"Benefits Management","attributeName":null,"referenceType":null,"dependents":null,"attributes":null,"regex":false},{"id":"Communications Services","name":"Communications Services","attributeName":null,"referenceType":null,"dependents":null,"attributes":null,"regex":false},{"id":"CRM Service","name":"CRM Service","attributeName":null,"referenceType":null,"dependents":null,"attributes":null,"regex":false},{"id":"Data Service","name":"Data Service","attributeName":null,"referenceType":null,"dependents":null,"attributes":null,"regex":false},{"id":"Demo Service","name":"Demo Service","attributeName":null,"referenceType":null,"dependents":null,"attributes":null,"regex":false},{"id":"Desktop Service","name":"Desktop Service","attributeName":null,"referenceType":null,"dependents":null,"attributes":null,"regex":false},{"id":"Email Service","name":"Email Service","attributeName":null,"referenceType":null,"dependents":null,"attributes":null,"regex":false},{"id":"Employee Administration","name":"Employee Administration","attributeName":null,"referenceType":null,"dependents":null,"attributes":null,"regex":false},{"id":"Employee Development","name":"Employee Development","attributeName":null,"referenceType":null,"dependents":null,"attributes":null,"regex":false},{"id":"Enterprise Application Service","name":"Enterprise Application Service","attributeName":null,"referenceType":null,"dependents":null,"attributes":null,"regex":false},{"id":"Facilities Management","name":"Facilities Management","attributeName":null,"referenceType":null,"dependents":null,"attributes":null,"regex":false},{"id":"Financial Service","name":"Financial Service","attributeName":null,"referenceType":null,"dependents":null,"attributes":null,"regex":false},{"id":"GDPR","name":"GDPR","attributeName":null,"referenceType":null,"dependents":null,"attributes":null,"regex":false},{"id":"HR System","name":"HR System","attributeName":null,"referenceType":null,"dependents":null,"attributes":null,"regex":false},{"id":"IT General Administration","name":"IT General Administration","attributeName":null,"referenceType":null,"dependents":null,"attributes":null,"regex":false},{"id":"Mail Service","name":"Mail Service","attributeName":null,"referenceType":null,"dependents":null,"attributes":null,"regex":false},{"id":"Mobile Communication","name":"Mobile Communication","attributeName":null,"referenceType":null,"dependents":null,"attributes":null,"regex":false},{"id":"Network Service","name":"Network Service","attributeName":null,"referenceType":null,"dependents":null,"attributes":null,"regex":false},{"id":"Payroll Administration","name":"Payroll Administration","attributeName":null,"referenceType":null,"dependents":null,"attributes":null,"regex":false},{"id":"Printing Service","name":"Printing Service","attributeName":null,"referenceType":null,"dependents":null,"attributes":null,"regex":false},{"id":"QA","name":"QA","attributeName":null,"referenceType":null,"dependents":null,"attributes":null,"regex":false},{"id":"Security Operations","name":"Security Operations","attributeName":null,"referenceType":null,"dependents":null,"attributes":null,"regex":false},{"id":"Security Services","name":"Security Services","attributeName":null,"referenceType":null,"dependents":null,"attributes":null,"regex":false},{"id":"Server Administration","name":"Server Administration","attributeName":null,"referenceType":null,"dependents":null,"attributes":null,"regex":false},{"id":"Service Desk","name":"Service Desk","attributeName":null,"referenceType":null,"dependents":null,"attributes":null,"regex":false},{"id":"Supply Chain","name":"Supply Chain","attributeName":null,"referenceType":null,"dependents":null,"attributes":null,"regex":false},{"id":"Travel Management","name":"Travel Management","attributeName":null,"referenceType":null,"dependents":null,"attributes":null,"regex":false}]},{"id":"Sponsor","name":"Sponsor","datatype":"String","values":null},{"id":"ScheduledEndDate","name":"ScheduledEndDate","datatype":"Datetime","values":null},{"id":"Subject","name":"Subject","datatype":"String","values":null},{"id":"HoursOfOperation","name":"HoursOfOperation","datatype":"String","values":null},{"id":"OwnerTeam","name":"OwnerTeam","datatype":"String","values":[{"id":"Accounting","name":"Accounting","attributeName":null,"referenceType":null,"dependents":null,"attributes":null,"regex":false},{"id":"Application Development","name":"Application Development","attributeName":null,"referenceType":null,"dependents":null,"attributes":null,"regex":false},{"id":"Application Management","name":"Application Management","attributeName":null,"referenceType":null,"dependents":null,"attributes":null,"regex":false},{"id":"Asset Management","name":"Asset Management","attributeName":null,"referenceType":null,"dependents":null,"attributes":null,"regex":false},{"id":"Billing Services","name":"Billing Services","attributeName":null,"referenceType":null,"dependents":null,"attributes":null,"regex":false},{"id":"Brand Management","name":"Brand Management","attributeName":null,"referenceType":null,"dependents":null,"attributes":null,"regex":false},{"id":"Cardiac","name":"Cardiac","attributeName":null,"referenceType":null,"dependents":null,"attributes":null,"regex":false},{"id":"Change Management","name":"Change Management","attributeName":null,"referenceType":null,"dependents":null,"attributes":null,"regex":false},{"id":"Communications","name":"Communications","attributeName":null,"referenceType":null,"dependents":null,"attributes":null,"regex":false},{"id":"Consulting","name":"Consulting","attributeName":null,"referenceType":null,"dependents":null,"attributes":null,"regex":false},{"id":"Contracts","name":"Contracts","attributeName":null,"referenceType":null,"dependents":null,"attributes":null,"regex":false},{"id":"Corporate Audit","name":"Corporate Audit","attributeName":null,"referenceType":null,"dependents":null,"attributes":null,"regex":false},{"id":"Corporate Benefits","name":"Corporate Benefits","attributeName":null,"referenceType":null,"dependents":null,"attributes":null,"regex":false},{"id":"Corporate Generalist","name":"Corporate Generalist","attributeName":null,"referenceType":null,"dependents":null,"attributes":null,"regex":false},{"id":"Corporate Recruiting","name":"Corporate Recruiting","attributeName":null,"referenceType":null,"dependents":null,"attributes":null,"regex":false},{"id":"Customer Service","name":"Customer Service","attributeName":null,"referenceType":null,"dependents":null,"attributes":null,"regex":false},{"id":"Data Management","name":"Data Management","attributeName":null,"referenceType":null,"dependents":null,"attributes":null,"regex":false},{"id":"Data Protection","name":"Data Protection","attributeName":null,"referenceType":null,"dependents":null,"attributes":null,"regex":false},{"id":"Desktop Support","name":"Desktop Support","attributeName":null,"referenceType":null,"dependents":null,"attributes":null,"regex":false},{"id":"Education","name":"Education","attributeName":null,"referenceType":null,"dependents":null,"attributes":null,"regex":false},{"id":"Emergency Room","name":"Emergency Room","attributeName":null,"referenceType":null,"dependents":null,"attributes":null,"regex":false},{"id":"Employee Relations","name":"Employee Relations","attributeName":null,"referenceType":null,"dependents":null,"attributes":null,"regex":false},{"id":"Facilities","name":"Facilities","attributeName":null,"referenceType":null,"dependents":null,"attributes":null,"regex":false},{"id":"Facilities-Custodial","name":"Facilities-Custodial","attributeName":null,"referenceType":null,"dependents":null,"attributes":null,"regex":false},{"id":"Facilities-Maintenance","name":"Facilities-Maintenance","attributeName":null,"referenceType":null,"dependents":null,"attributes":null,"regex":false},{"id":"Facilities-Operations","name":"Facilities-Operations","attributeName":null,"referenceType":null,"dependents":null,"attributes":null,"regex":false},{"id":"Field Sales","name":"Field Sales","attributeName":null,"referenceType":null,"dependents":null,"attributes":null,"regex":false},{"id":"Healthcare Benefits","name":"Healthcare Benefits","attributeName":null,"referenceType":null,"dependents":null,"attributes":null,"regex":false},{"id":"Healthcare Generalist","name":"Healthcare Generalist","attributeName":null,"referenceType":null,"dependents":null,"attributes":null,"regex":false},{"id":"Healthcare Recruiting","name":"Healthcare Recruiting","attributeName":null,"referenceType":null,"dependents":null,"attributes":null,"regex":false},{"id":"HR","name":"HR","attributeName":null,"referenceType":null,"dependents":null,"attributes":null,"regex":false},{"id":"HR Operations","name":"HR Operations","attributeName":null,"referenceType":null,"dependents":null,"attributes":null,"regex":false},{"id":"Human Resources","name":"Human Resources","attributeName":null,"referenceType":null,"dependents":null,"attributes":null,"regex":false},{"id":"IT ","name":"IT ","attributeName":null,"referenceType":null,"dependents":null,"attributes":null,"regex":false},{"id":"IT Project Management","name":"IT Project Management","attributeName":null,"referenceType":null,"dependents":null,"attributes":null,"regex":false},{"id":"IT Security","name":"IT Security","attributeName":null,"referenceType":null,"dependents":null,"attributes":null,"regex":false},{"id":"Knowledge Management","name":"Knowledge Management","attributeName":null,"referenceType":null,"dependents":null,"attributes":null,"regex":false},{"id":"Legal","name":"Legal","attributeName":null,"referenceType":null,"dependents":null,"attributes":null,"regex":false},{"id":"Management","name":"Management","attributeName":null,"referenceType":null,"dependents":null,"attributes":null,"regex":false},{"id":"Marketing","name":"Marketing","attributeName":null,"referenceType":null,"dependents":null,"attributes":null,"regex":false},{"id":"Medical App Management","name":"Medical App Management","attributeName":null,"referenceType":null,"dependents":null,"attributes":null,"regex":false},{"id":"Network Administration","name":"Network Administration","attributeName":null,"referenceType":null,"dependents":null,"attributes":null,"regex":false},{"id":"Network Support","name":"Network Support","attributeName":null,"referenceType":null,"dependents":null,"attributes":null,"regex":false},{"id":"Operating Room","name":"Operating Room","attributeName":null,"referenceType":null,"dependents":null,"attributes":null,"regex":false},{"id":"Operations","name":"Operations","attributeName":null,"referenceType":null,"dependents":null,"attributes":null,"regex":false},{"id":"Orthopedic","name":"Orthopedic","attributeName":null,"referenceType":null,"dependents":null,"attributes":null,"regex":false},{"id":"Patient Data Management","name":"Patient Data Management","attributeName":null,"referenceType":null,"dependents":null,"attributes":null,"regex":false},{"id":"Payroll Administration","name":"Payroll Administration","attributeName":null,"referenceType":null,"dependents":null,"attributes":null,"regex":false},{"id":"Performance Management","name":"Performance Management","attributeName":null,"referenceType":null,"dependents":null,"attributes":null,"regex":false},{"id":"PR","name":"PR","attributeName":null,"referenceType":null,"dependents":null,"attributes":null,"regex":false},{"id":"Problem Management","name":"Problem Management","attributeName":null,"referenceType":null,"dependents":null,"attributes":null,"regex":false},{"id":"Product Marketing","name":"Product Marketing","attributeName":null,"referenceType":null,"dependents":null,"attributes":null,"regex":false},{"id":"Professional Services","name":"Professional Services","attributeName":null,"referenceType":null,"dependents":null,"attributes":null,"regex":false},{"id":"Purchasing","name":"Purchasing","attributeName":null,"referenceType":null,"dependents":null,"attributes":null,"regex":false},{"id":"QA","name":"QA","attributeName":null,"referenceType":null,"dependents":null,"attributes":null,"regex":false},{"id":"Recruitment","name":"Recruitment","attributeName":null,"referenceType":null,"dependents":null,"attributes":null,"regex":false},{"id":"Release Management","name":"Release Management","attributeName":null,"referenceType":null,"dependents":null,"attributes":null,"regex":false},{"id":"Security","name":"Security","attributeName":null,"referenceType":null,"dependents":null,"attributes":null,"regex":false},{"id":"Server Administration","name":"Server Administration","attributeName":null,"referenceType":null,"dependents":null,"attributes":null,"regex":false},{"id":"Server Support","name":"Server Support","attributeName":null,"referenceType":null,"dependents":null,"attributes":null,"regex":false},{"id":"Server Desk","name":"Server Desk","attributeName":null,"referenceType":null,"dependents":null,"attributes":null,"regex":false},{"id":"Telecommunications Support","name":"Telecommunications Support","attributeName":null,"referenceType":null,"dependents":null,"attributes":null,"regex":false}]},{"id":"ClosingEscLink_Category","name":"ClosingEscLink_Category","datatype":"String","values":null},{"id":"ResolvedBy","name":"ResolvedBy","datatype":"String","values":null},{"id":"CustomerDepartment","name":"CustomerDepartment","datatype":"String","values":null},{"id":"Subcategory","name":"Subcategory","datatype":"String","values":null},{"id":"ChangeNumber","name":"ChangeNumber","datatype":"Number","values":null},{"id":"ProfileLink_Category","name":"ProfileLink_Category","datatype":"String","values":null},{"id":"IsRecommended","name":"IsRecommended","datatype":"Boolean","values":null},{"id":"RecommendedService","name":"RecommendedService","datatype":"String","values":null},{"id":"Urgency","name":"Urgency","datatype":"String","values":[{"id":"High","name":"High","attributeName":null,"referenceType":null,"dependents":null,"attributes":null,"regex":false},{"id":"Medium","name":"Medium","attributeName":null,"referenceType":null,"dependents":null,"attributes":null,"regex":false},{"id":"Low","name":"Low","attributeName":null,"referenceType":null,"dependents":null,"attributes":null,"regex":false}]},{"id":"RespondedDateTime","name":"RespondedDateTime","datatype":"Datetime","values":null},{"id":"ClosedBy","name":"ClosedBy","datatype":"String","values":null},{"id":"RespondedBy","name":"RespondedBy","datatype":"String","values":null}],"loginOptions":[],"idFieldName":"id","titleFieldName":"Subject","projectFieldName":"","artifactFieldName":"business object","testStepsFieldName":null,"changedDateFieldName":"LastModDateTime","dateFormat":"yyyy-MM-dd","dateTimeFormat":"yyyy-MM-dd'T'HH:mm:ss.SSS'Z'","queryDateFormat":"yyyy-MM-dd'T'HH:mm:ss'Z'","queryDateFormatType":"DATE_TIME_FORMAT","iso8601DateFormat":true,"commentFieldName":null,"commentFieldId":null,"attachmentFieldName":null,"attachmentFieldId":null,"apiVersion":null,"callBackUrlConfigured":false,"callBackUrls":null,"apiProvider":"ExternalApplication","applicationType":null,"urlDescription":"your-domain","userNameDescription":"api-key: Authorization","passwordDescription":"api-value: rest_api_key=C3E76.......","paginationSupported":false,"paginationAttributes":null,"status":"Active","active":true,"commentSyncSupported":true,"attachmentSyncSupported":true,"syncModel":"ReadWrite","availableRestOperations":null,"multiProjectSupported":false,"projectLoginRequired":false,"conjunctionOperator":"","global":true,"tenantList":null}